{
  "drift_history": [
    0.09488549712450292,
    0.10008835411240989,
    0.09628788486354418,
    0.0945430822811389,
    0.09236811203013942,
    0.0883378689662757,
    0.09330125458319426,
    0.09318950986191687,
    0.0938350688067165,
    0.08805287526140071
  ],
  "rounds_flagged": [
    4,
    5,
    6,
    9
  ],
  "trust_history": [
    [
      0.9996843224851449,
      0.9978609327302029,
      0.9977713718488324,
      0.9953225541098245,
      0.9995709480007463
    ],
    [
      0.9991492040728958,
      0.9983341853798792,
      0.9979922849010466,
      0.9901342369666021,
      0.9996268737422628
    ],
    [
      0.9995651290003366,
      0.996885136211793,
      0.9975061000792814,
      0.9942409836436374,
      0.9994950393443658
    ],
    [
      0.9983652523384873,
      0.9974549326990849,
      0.0,
      0.9833595755337664,
      0.9977747612617174
    ],
    [
      0.9963388633228346,
      0.0,
      0.9954198680387284,
      0.9794987032101741,
      0.9970880728899103
    ],
    [
      0.995975304021639,
      0.0,
      0.9773070545224499,
      0.979010126189475,
      0.9977865648825731
    ],
    [
      0.9990949368870937,
      0.9972558716897743,
      0.9980911327829829,
      0.9761163067358105,
      0.9989812782370076
    ],
    [
      0.9989660208281783,
      0.9961400417864532,
      0.9972971996898949,
      0.9735556485473849,
      0.9990090188864965
    ],
    [
      0.9997880146259256,
      0.0,
      0.9989570031176129,
      0.966220147852161,
      0.9998098707425437
    ],
    [
      0.9990778573221428,
      0.9948681686160286,
      0.9826916682359644,
      0.9937576349398832,
      0.9981080455532523
    ]
  ],
  "final_accuracies": {
    "AC_0": 0.5,
    "AC_1": 1.0,
    "AC_2": 1.0,
    "AC_3": 1.0,
    "AC_4": 1.0
  },
  "low_trust_counts": {
    "AC_0": 0,
    "AC_1": 3,
    "AC_2": 1,
    "AC_3": 0,
    "AC_4": 0
  },
  "plaintext_norm_history": [
    0.09488549712450292,
    0.10008835411240989,
    0.09628788486354418,
    0.0945430822811389,
    0.09236811203013942,
    0.08833786896627571,
    0.09330125458319426,
    0.09318950986191686,
    0.0938350688067165,
    0.08805287526140071
  ],
  "encrypted_norm_history": [
    0.09488517331701003,
    0.10008776440708224,
    0.09628787023793348,
    0.07259433990061348,
    0.06834929574014578,
    0.06823731399615053,
    0.09329316160584501,
    0.09318088271477702,
    0.07021933491615392,
    0.08800861889941862
  ],
  "encryption_enabled": true
}