{
  "drift_history": [
    0.11047902911767894,
    0.10557176051084649,
    0.10120845057237696,
    0.10117916517645141,
    0.09882883397608866,
    0.09812436949571839,
    0.09220790440100222,
    0.0898594142269466,
    0.09204448695999182,
    0.09025064999177346
  ],
  "rounds_flagged": [],
  "trust_history": [
    [
      0.9912880659103394,
      0.979813277721405,
      0.9799691438674927,
      0.9996891617774963,
      0.9956259727478027
    ],
    [
      0.9905257555651834,
      0.9761547539852634,
      0.9784994822464473,
      0.9993310413876636,
      0.9900644090759644
    ],
    [
      0.9859599741511709,
      0.9753910789536435,
      0.9764040869426699,
      0.9955679292195746,
      0.9905423228497511
    ],
    [
      0.9879981502137454,
      0.9746209535037609,
      0.9735581291653883,
      0.9998186670312649,
      0.9896965919411655
    ],
    [
      0.9906342386951125,
      0.9680422862781916,
      0.9671837852255538,
      0.999617815961333,
      0.9841683478777684
    ],
    [
      0.9829361228232032,
      0.966412486623137,
      0.9671106431508192,
      0.9996221070889593,
      0.9849027653327711
    ],
    [
      0.976988633639669,
      0.9464803450648873,
      0.9477967249883125,
      0.9955557582630029,
      0.984016106065411
    ],
    [
      0.9701654728200358,
      0.9455042576762694,
      0.9481435357578353,
      0.9994420814865792,
      0.9853233911948562
    ],
    [
      0.9691798174722367,
      0.9372393184326184,
      0.9401817609879859,
      0.9993817135227347,
      0.9606161291753229
    ],
    [
      0.9641398711084815,
      0.9465903251776098,
      0.9453349743499884,
      0.9973958777877048,
      0.9603099066172766
    ]
  ],
  "final_accuracies": {
    "AC_0": 0.5,
    "AC_1": 1.0,
    "AC_2": 1.0,
    "AC_3": 1.0,
    "AC_4": 1.0
  },
  "low_trust_counts": {
    "AC_0": 0,
    "AC_1": 0,
    "AC_2": 0,
    "AC_3": 0,
    "AC_4": 0
  },
  "plaintext_norm_history": [
    0.11047902911767894,
    0.10557176051084649,
    0.10120845057237696,
    0.10117916517645141,
    0.09882883397608866,
    0.0981243694957184,
    0.09220790440100222,
    0.0898594142269466,
    0.09204448695999182,
    0.09025064999177346
  ],
  "encrypted_norm_history": [
    0.11047902911767894,
    0.10557176051084649,
    0.10120845057237696,
    0.10117916517645141,
    0.09882883397608866,
    0.0981243694957184,
    0.09220790440100222,
    0.0898594142269466,
    0.09204448695999182,
    0.09025064999177346
  ],
  "encryption_enabled": false
}